,precision,recall,f1-score,support
Accountants,1.0,1.0,1.0,114.0
Actors,1.0,1.0,1.0,96.0
Actuaries,1.0,1.0,1.0,90.0
Acupuncturists,1.0,1.0,1.0,104.0
Acute Care Nurses,1.0,1.0,1.0,96.0
Adapted Physical Education Specialists,1.0,1.0,1.0,99.0
Adhesive Bonding Machine Operators and Tenders,1.0,1.0,1.0,118.0
"Administrative Law Judges, Adjudicators, and Hearing Officers",1.0,1.0,1.0,92.0
Administrative Services Managers,1.0,1.0,1.0,106.0
Adult Basic and Secondary Education and Literacy Teachers and Instructors,1.0,1.0,1.0,109.0
Advanced Practice Psychiatric Nurses,1.0,1.0,1.0,103.0
Advertising Sales Agents,1.0,1.0,1.0,128.0
Advertising and Promotions Managers,1.0,1.0,1.0,112.0
Aerospace Engineering and Operations Technicians,1.0,1.0,1.0,73.0
Aerospace Engineers,1.0,1.0,1.0,117.0
"Agents and Business Managers of Artists, Performers, and Athletes",1.0,1.0,1.0,104.0
Agricultural Engineers,1.0,1.0,1.0,114.0
Agricultural Equipment Operators,1.0,1.0,1.0,99.0
Agricultural Inspectors,1.0,1.0,1.0,109.0
"Agricultural Sciences Teachers, Postsecondary",1.0,1.0,1.0,111.0
Agricultural Technicians,1.0,1.0,1.0,119.0
Air Traffic Controllers,1.0,1.0,1.0,98.0
Aircraft Cargo Handling Supervisors,1.0,1.0,1.0,121.0
Aircraft Mechanics and Service Technicians,1.0,1.0,1.0,116.0
"Aircraft Structure, Surfaces, Rigging, and Systems Assemblers",1.0,1.0,1.0,108.0
Airfield Operations Specialists,1.0,1.0,1.0,86.0
"Airline Pilots, Copilots, and Flight Engineers",1.0,1.0,1.0,116.0
Allergists and Immunologists,1.0,1.0,1.0,93.0
"Ambulance Drivers and Attendants, Except Emergency Medical Technicians",1.0,1.0,1.0,107.0
Amusement and Recreation Attendants,1.0,1.0,1.0,96.0
Anesthesiologist Assistants,1.0,1.0,1.0,95.0
Anesthesiologists,1.0,1.0,1.0,90.0
Animal Breeders,1.0,1.0,1.0,99.0
Animal Control Workers,1.0,1.0,1.0,107.0
Animal Scientists,1.0,1.0,1.0,92.0
Animal Trainers,1.0,1.0,1.0,103.0
Anthropologists,1.0,1.0,1.0,93.0
"Anthropology and Archeology Teachers, Postsecondary",1.0,1.0,1.0,115.0
"Appraisers, Real Estate",1.0,1.0,1.0,118.0
Aquacultural Managers,1.0,1.0,1.0,107.0
"Arbitrators, Mediators, and Conciliators",1.0,1.0,1.0,102.0
Archeologists,1.0,1.0,1.0,90.0
"Architects, Except Landscape and Naval",1.0,1.0,1.0,103.0
Architectural Drafters,1.0,1.0,1.0,109.0
Architectural and Engineering Managers,1.0,1.0,1.0,104.0
"Architecture Teachers, Postsecondary",1.0,1.0,1.0,95.0
Archivists,1.0,1.0,1.0,103.0
"Area, Ethnic, and Cultural Studies Teachers, Postsecondary",1.0,1.0,1.0,97.0
Art Directors,1.0,1.0,1.0,115.0
Art Therapists,1.0,1.0,1.0,96.0
"Art, Drama, and Music Teachers, Postsecondary",1.0,1.0,1.0,106.0
Assessors,1.0,1.0,1.0,99.0
Astronomers,1.0,1.0,1.0,105.0
Athletes and Sports Competitors,1.0,1.0,1.0,108.0
Athletic Trainers,1.0,1.0,1.0,115.0
Atmospheric and Space Scientists,1.0,1.0,1.0,90.0
"Atmospheric, Earth, Marine, and Space Sciences Teachers, Postsecondary",1.0,1.0,1.0,105.0
Audio and Video Equipment Technicians,1.0,1.0,1.0,108.0
Audio-Visual and Multimedia Collections Specialists,1.0,1.0,1.0,99.0
Audiologists,1.0,1.0,1.0,93.0
Auditors,1.0,1.0,1.0,88.0
Automotive Body and Related Repairers,1.0,1.0,1.0,99.0
Automotive Engineering Technicians,1.0,1.0,1.0,97.0
Automotive Engineers,1.0,1.0,1.0,113.0
Automotive Glass Installers and Repairers,1.0,1.0,1.0,106.0
Automotive Master Mechanics,1.0,1.0,1.0,94.0
Automotive Specialty Technicians,1.0,1.0,1.0,117.0
Automotive and Watercraft Service Attendants,1.0,1.0,1.0,104.0
Aviation Inspectors,1.0,1.0,1.0,112.0
Avionics Technicians,1.0,1.0,1.0,106.0
Baggage Porters and Bellhops,1.0,1.0,1.0,99.0
Bailiffs,1.0,1.0,1.0,103.0
Bakers,1.0,1.0,1.0,97.0
Barbers,1.0,1.0,1.0,98.0
Baristas,1.0,1.0,1.0,87.0
Bartenders,1.0,1.0,1.0,105.0
Bicycle Repairers,1.0,1.0,1.0,85.0
Bill and Account Collectors,1.0,1.0,1.0,93.0
"Billing, Cost, and Rate Clerks",1.0,1.0,1.0,106.0
Biochemical Engineers,1.0,1.0,1.0,109.0
Biochemists and Biophysicists,1.0,1.0,1.0,111.0
Biofuels Processing Technicians,1.0,1.0,1.0,118.0
Biofuels Production Managers,1.0,1.0,1.0,108.0
Biofuels/Biodiesel Technology and Product Development Managers,1.0,1.0,1.0,119.0
Bioinformatics Scientists,1.0,1.0,1.0,93.0
Bioinformatics Technicians,1.0,1.0,1.0,88.0
"Biological Science Teachers, Postsecondary",1.0,1.0,1.0,113.0
Biological Technicians,1.0,1.0,1.0,107.0
Biologists,1.0,1.0,1.0,103.0
Biomass Plant Technicians,1.0,1.0,1.0,119.0
Biomass Power Plant Managers,1.0,1.0,1.0,122.0
Biomedical Engineers,1.0,1.0,1.0,107.0
Biostatisticians,1.0,1.0,1.0,91.0
Boilermakers,1.0,1.0,1.0,111.0
"Bookkeeping, Accounting, and Auditing Clerks",1.0,1.0,1.0,122.0
Brickmasons and Blockmasons,1.0,1.0,1.0,112.0
Bridge and Lock Tenders,1.0,1.0,1.0,110.0
Broadcast News Analysts,1.0,1.0,1.0,98.0
Broadcast Technicians,1.0,1.0,1.0,110.0
Brokerage Clerks,1.0,1.0,1.0,87.0
Brownfield Redevelopment Specialists and Site Managers,1.0,1.0,1.0,91.0
Budget Analysts,1.0,1.0,1.0,128.0
"Bus Drivers, School or Special Client",1.0,1.0,1.0,111.0
"Bus Drivers, Transit and Intercity",1.0,1.0,1.0,103.0
Bus and Truck Mechanics and Diesel Engine Specialists,1.0,1.0,1.0,117.0
Business Continuity Planners,1.0,1.0,1.0,124.0
Business Intelligence Analysts,1.0,1.0,1.0,118.0
"Business Teachers, Postsecondary",1.0,1.0,1.0,104.0
Butchers and Meat Cutters,1.0,1.0,1.0,104.0
"Buyers and Purchasing Agents, Farm Products",1.0,1.0,1.0,109.0
Cabinetmakers and Bench Carpenters,1.0,1.0,1.0,125.0
"Camera Operators, Television, Video, and Motion Picture",1.0,1.0,1.0,90.0
Camera and Photographic Equipment Repairers,1.0,1.0,1.0,98.0
Cardiovascular Technologists and Technicians,1.0,1.0,1.0,90.0
"Career/Technical Education Teachers, Middle School",1.0,1.0,1.0,100.0
"Career/Technical Education Teachers, Secondary School",1.0,1.0,1.0,87.0
Cargo and Freight Agents,1.0,1.0,1.0,111.0
Carpet Installers,1.0,1.0,1.0,88.0
Cartographers and Photogrammetrists,1.0,1.0,1.0,88.0
Cashiers,1.0,1.0,1.0,113.0
Cement Masons and Concrete Finishers,1.0,1.0,1.0,102.0
Chefs and Head Cooks,1.0,1.0,1.0,127.0
Chemical Engineers,1.0,1.0,1.0,99.0
Chemical Equipment Operators and Tenders,1.0,1.0,1.0,116.0
Chemical Plant and System Operators,1.0,1.0,1.0,88.0
Chemical Technicians,1.0,1.0,1.0,102.0
"Chemistry Teachers, Postsecondary",1.0,1.0,1.0,101.0
Chemists,1.0,1.0,1.0,110.0
Chief Executives,1.0,1.0,1.0,98.0
Chief Sustainability Officers,1.0,1.0,1.0,89.0
"Child, Family, and School Social Workers",1.0,1.0,1.0,103.0
Childcare Workers,1.0,1.0,1.0,119.0
Chiropractors,1.0,1.0,1.0,88.0
Choreographers,1.0,1.0,1.0,98.0
City and Regional Planning Aides,1.0,1.0,1.0,116.0
Civil Drafters,1.0,1.0,1.0,125.0
Civil Engineering Technicians,1.0,1.0,1.0,98.0
Civil Engineers,1.0,1.0,1.0,80.0
"Claims Examiners, Property and Casualty Insurance",1.0,1.0,1.0,114.0
Cleaners of Vehicles and Equipment,1.0,1.0,1.0,103.0
"Cleaning, Washing, and Metal Pickling Equipment Operators and Tenders",1.0,1.0,1.0,91.0
Clergy,1.0,1.0,1.0,99.0
Climate Change Analysts,1.0,1.0,1.0,101.0
Clinical Data Managers,1.0,1.0,1.0,109.0
Clinical Nurse Specialists,1.0,1.0,1.0,109.0
Clinical Psychologists,1.0,1.0,1.0,99.0
Clinical Research Coordinators,1.0,1.0,1.0,89.0
Coaches and Scouts,1.0,1.0,1.0,96.0
"Coating, Painting, and Spraying Machine Setters, Operators, and Tenders",1.0,1.0,1.0,107.0
"Coil Winders, Tapers, and Finishers",1.0,1.0,1.0,95.0
"Coin, Vending, and Amusement Machine Servicers and Repairers",1.0,1.0,1.0,122.0
"Combined Food Preparation and Serving Workers, Including Fast Food",1.0,1.0,1.0,97.0
Commercial Divers,1.0,1.0,1.0,106.0
Commercial Pilots,1.0,1.0,1.0,102.0
Commercial and Industrial Designers,1.0,1.0,1.0,109.0
"Communications Teachers, Postsecondary",1.0,1.0,1.0,106.0
Community Health Workers,1.0,1.0,1.0,104.0
Compensation and Benefits Managers,1.0,1.0,1.0,97.0
"Compensation, Benefits, and Job Analysis Specialists",1.0,1.0,1.0,116.0
Compliance Managers,1.0,1.0,1.0,118.0
Computer Hardware Engineers,1.0,1.0,1.0,83.0
Computer Network Architects,1.0,1.0,1.0,108.0
Computer Network Support Specialists,1.0,1.0,1.0,113.0
"Computer Numerically Controlled Machine Tool Programmers, Metal and Plastic",1.0,1.0,1.0,103.0
Computer Operators,1.0,1.0,1.0,100.0
Computer Programmers,1.0,1.0,1.0,80.0
"Computer Science Teachers, Postsecondary",1.0,1.0,1.0,110.0
Computer Systems Analysts,1.0,1.0,1.0,126.0
Computer Systems Engineers/Architects,1.0,1.0,1.0,104.0
Computer User Support Specialists,1.0,1.0,1.0,107.0
Computer and Information Research Scientists,1.0,1.0,1.0,110.0
Computer and Information Systems Managers,1.0,1.0,1.0,94.0
"Computer, Automated Teller, and Office Machine Repairers",1.0,1.0,1.0,96.0
"Computer-Controlled Machine Tool Operators, Metal and Plastic",1.0,1.0,1.0,102.0
Concierges,1.0,1.0,1.0,94.0
Construction Carpenters,1.0,1.0,1.0,99.0
Construction Laborers,1.0,1.0,1.0,109.0
Construction Managers,1.0,1.0,1.0,101.0
Construction and Building Inspectors,1.0,1.0,1.0,103.0
Continuous Mining Machine Operators,1.0,1.0,1.0,88.0
"Control and Valve Installers and Repairers, Except Mechanical Door",1.0,1.0,1.0,111.0
Conveyor Operators and Tenders,1.0,1.0,1.0,101.0
"Cooks, Fast Food",1.0,1.0,1.0,113.0
"Cooks, Institution and Cafeteria",1.0,1.0,1.0,103.0
"Cooks, Private Household",1.0,1.0,1.0,95.0
"Cooks, Restaurant",1.0,1.0,1.0,114.0
"Cooks, Short Order",1.0,1.0,1.0,95.0
Cooling and Freezing Equipment Operators and Tenders,1.0,1.0,1.0,104.0
Copy Writers,1.0,1.0,1.0,108.0
Coroners,1.0,1.0,1.0,100.0
Correctional Officers and Jailers,1.0,1.0,1.0,95.0
Correspondence Clerks,1.0,1.0,1.0,105.0
Cost Estimators,1.0,1.0,1.0,94.0
Costume Attendants,1.0,1.0,1.0,102.0
Counseling Psychologists,1.0,1.0,1.0,83.0
"Counter Attendants, Cafeteria, Food Concession, and Coffee Shop",1.0,1.0,1.0,99.0
Counter and Rental Clerks,1.0,1.0,1.0,96.0
Couriers and Messengers,1.0,1.0,1.0,105.0
Court Clerks,1.0,1.0,1.0,100.0
Court Reporters,1.0,1.0,1.0,104.0
Craft Artists,1.0,1.0,1.0,90.0
Crane and Tower Operators,1.0,1.0,1.0,103.0
Credit Analysts,1.0,1.0,1.0,114.0
Credit Authorizers,1.0,1.0,1.0,81.0
Credit Checkers,1.0,1.0,1.0,101.0
Credit Counselors,1.0,1.0,1.0,114.0
Criminal Investigators and Special Agents,1.0,1.0,1.0,108.0
"Criminal Justice and Law Enforcement Teachers, Postsecondary",1.0,1.0,1.0,96.0
Critical Care Nurses,1.0,1.0,1.0,113.0
Crossing Guards,1.0,1.0,1.0,92.0
"Crushing, Grinding, and Polishing Machine Setters, Operators, and Tenders",1.0,1.0,1.0,104.0
Curators,1.0,1.0,1.0,116.0
Customer Service Representatives,1.0,1.0,1.0,98.0
Customs Brokers,1.0,1.0,1.0,111.0
"Cutters and Trimmers, Hand",1.0,1.0,1.0,90.0
"Cutting and Slicing Machine Setters, Operators, and Tenders",1.0,1.0,1.0,106.0
"Cutting, Punching, and Press Machine Setters, Operators, and Tenders, Metal and Plastic",1.0,1.0,1.0,114.0
Cytogenetic Technologists,1.0,1.0,1.0,103.0
Cytotechnologists,1.0,1.0,1.0,110.0
Dancers,1.0,1.0,1.0,101.0
Data Entry Keyers,1.0,1.0,1.0,105.0
Data Warehousing Specialists,1.0,1.0,1.0,104.0
Database Administrators,1.0,1.0,1.0,105.0
Database Architects,1.0,1.0,1.0,109.0
Demonstrators and Product Promoters,1.0,1.0,1.0,89.0
Dental Assistants,1.0,1.0,1.0,97.0
Dental Hygienists,1.0,1.0,1.0,114.0
Dental Laboratory Technicians,1.0,1.0,1.0,102.0
"Dentists, General",1.0,1.0,1.0,107.0
Dermatologists,1.0,1.0,1.0,99.0
"Derrick Operators, Oil and Gas",1.0,1.0,1.0,101.0
Desktop Publishers,1.0,1.0,1.0,92.0
Diagnostic Medical Sonographers,1.0,1.0,1.0,111.0
Dietetic Technicians,1.0,1.0,1.0,100.0
Dietitians and Nutritionists,1.0,1.0,1.0,103.0
Dining Room and Cafeteria Attendants and Bartender Helpers,1.0,1.0,1.0,89.0
"Directors, Religious Activities and Education",1.0,1.0,1.0,106.0
"Directors- Stage, Motion Pictures, Television, and Radio",1.0,1.0,1.0,131.0
Dishwashers,1.0,1.0,1.0,114.0
"Dispatchers, Except Police, Fire, and Ambulance",1.0,1.0,1.0,88.0
Distance Learning Coordinators,1.0,1.0,1.0,96.0
Document Management Specialists,1.0,1.0,1.0,111.0
"Door-To-Door Sales Workers, News and Street Vendors, and Related Workers",1.0,1.0,1.0,103.0
Dredge Operators,1.0,1.0,1.0,108.0
"Drilling and Boring Machine Tool Setters, Operators, and Tenders, Metal and Plastic",1.0,1.0,1.0,102.0
Driver/Sales Workers,1.0,1.0,1.0,118.0
Drywall and Ceiling Tile Installers,1.0,1.0,1.0,102.0
"Earth Drillers, Except Oil and Gas",1.0,1.0,1.0,94.0
"Economics Teachers, Postsecondary",1.0,1.0,1.0,118.0
Economists,1.0,1.0,1.0,109.0
Editors,1.0,1.0,1.0,85.0
"Education Administrators, Elementary and Secondary School",1.0,1.0,1.0,102.0
"Education Administrators, Postsecondary",1.0,1.0,1.0,102.0
"Education Administrators, Preschool and Childcare Center/Program",1.0,1.0,1.0,97.0
"Education Teachers, Postsecondary",1.0,1.0,1.0,115.0
"Educational, Guidance, School, and Vocational Counselors",1.0,1.0,1.0,141.0
"Electric Motor, Power Tool, and Related Repairers",1.0,1.0,1.0,107.0
Electrical Drafters,1.0,1.0,1.0,97.0
Electrical Engineering Technicians,1.0,1.0,1.0,104.0
Electrical Engineering Technologists,1.0,1.0,1.0,101.0
Electrical Engineers,1.0,1.0,1.0,110.0
Electrical Power-Line Installers and Repairers,1.0,1.0,1.0,104.0
Electrical and Electronic Equipment Assemblers,1.0,1.0,1.0,100.0
"Electrical and Electronics Installers and Repairers, Transportation Equipment",1.0,1.0,1.0,103.0
"Electrical and Electronics Repairers, Commercial and Industrial Equipment",1.0,1.0,1.0,102.0
"Electrical and Electronics Repairers, Powerhouse, Substation, and Relay",1.0,1.0,1.0,106.0
Electricians,1.0,1.0,1.0,112.0
Electro-Mechanical Technicians,1.0,1.0,1.0,125.0
Electromechanical Engineering Technologists,1.0,1.0,1.0,100.0
Electromechanical Equipment Assemblers,1.0,1.0,1.0,110.0
Electronic Drafters,1.0,1.0,1.0,109.0
"Electronic Equipment Installers and Repairers, Motor Vehicles",1.0,1.0,1.0,119.0
Electronic Home Entertainment Equipment Installers and Repairers,1.0,1.0,1.0,84.0
Electronics Engineering Technicians,1.0,1.0,1.0,97.0
Electronics Engineering Technologists,1.0,1.0,1.0,130.0
"Electronics Engineers, Except Computer",1.0,1.0,1.0,115.0
"Elementary School Teachers, Except Special Education",1.0,1.0,1.0,96.0
Elevator Installers and Repairers,1.0,1.0,1.0,100.0
"Eligibility Interviewers, Government Programs",1.0,1.0,1.0,113.0
Embalmers,1.0,1.0,1.0,93.0
Emergency Management Directors,1.0,1.0,1.0,116.0
Emergency Medical Technicians and Paramedics,1.0,1.0,1.0,123.0
Endoscopy Technicians,1.0,1.0,1.0,98.0
Energy Auditors,1.0,1.0,1.0,87.0
Energy Brokers,1.0,1.0,1.0,87.0
Energy Engineers,1.0,1.0,1.0,88.0
Engine and Other Machine Assemblers,1.0,1.0,1.0,102.0
"Engineering Teachers, Postsecondary",1.0,1.0,1.0,97.0
"English Language and Literature Teachers, Postsecondary",1.0,1.0,1.0,78.0
Environmental Compliance Inspectors,1.0,1.0,1.0,88.0
Environmental Economists,1.0,1.0,1.0,97.0
Environmental Engineering Technicians,1.0,1.0,1.0,100.0
Environmental Engineers,1.0,1.0,1.0,123.0
Environmental Restoration Planners,1.0,1.0,1.0,103.0
"Environmental Science Teachers, Postsecondary",1.0,1.0,1.0,107.0
"Environmental Science and Protection Technicians, Including Health",1.0,1.0,1.0,97.0
"Environmental Scientists and Specialists, Including Health",1.0,1.0,1.0,111.0
Epidemiologists,1.0,1.0,1.0,107.0
Equal Opportunity Representatives and Officers,1.0,1.0,1.0,97.0
Etchers and Engravers,1.0,1.0,1.0,89.0
Excavating and Loading Machine and Dragline Operators,1.0,1.0,1.0,103.0
Executive Secretaries and Executive Administrative Assistants,1.0,1.0,1.0,116.0
Exercise Physiologists,1.0,1.0,1.0,107.0
"Explosives Workers, Ordnance Handling Experts, and Blasters",1.0,1.0,1.0,108.0
"Extruding and Drawing Machine Setters, Operators, and Tenders, Metal and Plastic",1.0,1.0,1.0,88.0
"Extruding and Forming Machine Setters, Operators, and Tenders, Synthetic and Glass Fibers",1.0,1.0,1.0,102.0
"Extruding, Forming, Pressing, and Compacting Machine Setters, Operators, and Tenders",1.0,1.0,1.0,95.0
"Fabric Menders, Except Garment",1.0,1.0,1.0,122.0
Fabric and Apparel Patternmakers,1.0,1.0,1.0,100.0
Fallers,1.0,1.0,1.0,111.0
Family and General Practitioners,1.0,1.0,1.0,114.0
Farm Equipment Mechanics and Service Technicians,1.0,1.0,1.0,109.0
Farm Labor Contractors,1.0,1.0,1.0,105.0
Farm and Home Management Advisors,1.0,1.0,1.0,96.0
Farm and Ranch Managers,1.0,1.0,1.0,108.0
"Farmworkers and Laborers, Crop",1.0,1.0,1.0,86.0
"Farmworkers, Farm, Ranch, and Aquacultural Animals",1.0,1.0,1.0,100.0
Fashion Designers,1.0,1.0,1.0,96.0
Fence Erectors,1.0,1.0,1.0,106.0
Fiberglass Laminators and Fabricators,1.0,1.0,1.0,105.0
File Clerks,1.0,1.0,1.0,101.0
Film and Video Editors,1.0,1.0,1.0,115.0
Financial Analysts,1.0,1.0,1.0,105.0
Financial Examiners,1.0,1.0,1.0,92.0
"Financial Managers, Branch or Department",1.0,1.0,1.0,98.0
Financial Quantitative Analysts,1.0,1.0,1.0,109.0
"Fine Artists, Including Painters, Sculptors, and Illustrators",1.0,1.0,1.0,99.0
Fire Inspectors,1.0,1.0,1.0,105.0
Fire Investigators,1.0,1.0,1.0,91.0
Fire-Prevention and Protection Engineers,1.0,1.0,1.0,100.0
First-Line Supervisors of Agricultural Crop and Horticultural Workers,1.0,1.0,1.0,94.0
First-Line Supervisors of Animal Husbandry and Animal Care Workers,1.0,1.0,1.0,104.0
First-Line Supervisors of Aquacultural Workers,1.0,1.0,1.0,99.0
First-Line Supervisors of Construction Trades and Extraction Workers,1.0,1.0,1.0,122.0
First-Line Supervisors of Correctional Officers,1.0,1.0,1.0,93.0
First-Line Supervisors of Food Preparation and Serving Workers,1.0,1.0,1.0,91.0
"First-Line Supervisors of Helpers, Laborers, and Material Movers, Hand",1.0,1.0,1.0,108.0
First-Line Supervisors of Housekeeping and Janitorial Workers,1.0,1.0,1.0,98.0
"First-Line Supervisors of Landscaping, Lawn Service, and Groundskeeping Workers",1.0,1.0,1.0,105.0
First-Line Supervisors of Logging Workers,1.0,1.0,1.0,88.0
"First-Line Supervisors of Mechanics, Installers, and Repairers",1.0,1.0,1.0,140.0
First-Line Supervisors of Non-Retail Sales Workers,1.0,1.0,1.0,103.0
First-Line Supervisors of Office and Administrative Support Workers,1.0,1.0,1.0,111.0
First-Line Supervisors of Personal Service Workers,1.0,1.0,1.0,100.0
First-Line Supervisors of Police and Detectives,1.0,1.0,1.0,108.0
First-Line Supervisors of Production and Operating Workers,1.0,1.0,1.0,97.0
First-Line Supervisors of Retail Sales Workers,1.0,1.0,1.0,106.0
First-Line Supervisors of Transportation and Material-Moving Machine and Vehicle Operators,1.0,1.0,1.0,101.0
Fish and Game Wardens,1.0,1.0,1.0,87.0
Fishers and Related Fishing Workers,1.0,1.0,1.0,112.0
Fitness Trainers and Aerobics Instructors,1.0,1.0,1.0,109.0
Fitness and Wellness Coordinators,1.0,1.0,1.0,110.0
Flight Attendants,1.0,1.0,1.0,111.0
"Floor Layers, Except Carpet, Wood, and Hard Tiles",1.0,1.0,1.0,94.0
Floor Sanders and Finishers,1.0,1.0,1.0,110.0
Floral Designers,1.0,1.0,1.0,109.0
Food Batchmakers,1.0,1.0,1.0,101.0
Food Cooking Machine Operators and Tenders,1.0,1.0,1.0,100.0
Food Preparation Workers,1.0,1.0,1.0,113.0
Food Science Technicians,1.0,1.0,1.0,87.0
Food Scientists and Technologists,1.0,1.0,1.0,104.0
"Food Servers, Nonrestaurant",1.0,1.0,1.0,97.0
Food Service Managers,1.0,1.0,1.0,120.0
"Food and Tobacco Roasting, Baking, and Drying Machine Operators and Tenders",1.0,1.0,1.0,95.0
"Foreign Language and Literature Teachers, Postsecondary",1.0,1.0,1.0,85.0
Forensic Science Technicians,1.0,1.0,1.0,125.0
Forest Fire Fighting and Prevention Supervisors,1.0,1.0,1.0,122.0
Forest Fire Inspectors and Prevention Specialists,1.0,1.0,1.0,105.0
Forest Firefighters,1.0,1.0,1.0,104.0
Forest and Conservation Technicians,1.0,1.0,1.0,112.0
Forest and Conservation Workers,1.0,1.0,1.0,114.0
Foresters,1.0,1.0,1.0,86.0
"Forestry and Conservation Science Teachers, Postsecondary",1.0,1.0,1.0,107.0
"Forging Machine Setters, Operators, and Tenders, Metal and Plastic",1.0,1.0,1.0,103.0
Foundry Mold and Coremakers,1.0,1.0,1.0,93.0
"Fraud Examiners, Investigators and Analysts",1.0,1.0,1.0,97.0
Freight Forwarders,1.0,1.0,1.0,95.0
Freight and Cargo Inspectors,1.0,1.0,1.0,121.0
Fuel Cell Engineers,1.0,1.0,1.0,85.0
Fundraisers,1.0,1.0,1.0,107.0
Funeral Attendants,1.0,1.0,1.0,86.0
Funeral Service Managers,1.0,1.0,1.0,99.0
"Furnace, Kiln, Oven, Drier, and Kettle Operators and Tenders",1.0,1.0,1.0,101.0
Furniture Finishers,1.0,1.0,1.0,88.0
Gaming Cage Workers,1.0,1.0,1.0,84.0
Gaming Change Persons and Booth Cashiers,1.0,1.0,1.0,96.0
Gaming Dealers,1.0,1.0,1.0,122.0
Gaming Managers,1.0,1.0,1.0,118.0
Gaming Supervisors,1.0,1.0,1.0,107.0
Gaming Surveillance Officers and Gaming Investigators,1.0,1.0,1.0,104.0
Gaming and Sports Book Writers and Runners,1.0,1.0,1.0,111.0
Gas Compressor and Gas Pumping Station Operators,1.0,1.0,1.0,97.0
Gas Plant Operators,1.0,1.0,1.0,106.0
Gem and Diamond Workers,1.0,1.0,1.0,114.0
General and Operations Managers,1.0,1.0,1.0,104.0
Genetic Counselors,1.0,1.0,1.0,106.0
Geneticists,1.0,1.0,1.0,102.0
Geodetic Surveyors,1.0,1.0,1.0,107.0
Geographers,1.0,1.0,1.0,111.0
Geographic Information Systems Technicians,1.0,1.0,1.0,104.0
"Geography Teachers, Postsecondary",1.0,1.0,1.0,122.0
Geological Sample Test Technicians,1.0,1.0,1.0,87.0
Geophysical Data Technicians,1.0,1.0,1.0,89.0
"Geoscientists, Except Hydrologists and Geographers",1.0,1.0,1.0,104.0
Geospatial Information Scientists and Technologists,1.0,1.0,1.0,115.0
Geothermal Production Managers,1.0,1.0,1.0,126.0
Geothermal Technicians,1.0,1.0,1.0,79.0
"Glass Blowers, Molders, Benders, and Finishers",1.0,1.0,1.0,89.0
Glaziers,1.0,1.0,1.0,83.0
Government Property Inspectors and Investigators,1.0,1.0,1.0,99.0
"Graders and Sorters, Agricultural Products",1.0,1.0,1.0,104.0
Graduate Teaching Assistants,1.0,1.0,1.0,118.0
Graphic Designers,1.0,1.0,1.0,108.0
"Grinding and Polishing Workers, Hand",1.0,1.0,1.0,98.0
"Grinding, Lapping, Polishing, and Buffing Machine Tool Setters, Operators, and Tenders, Metal and Plastic",1.0,1.0,1.0,111.0
"Hairdressers, Hairstylists, and Cosmetologists",1.0,1.0,1.0,126.0
Hazardous Materials Removal Workers,1.0,1.0,1.0,98.0
Health Educators,1.0,1.0,1.0,106.0
"Health Specialties Teachers, Postsecondary",1.0,1.0,1.0,91.0
Healthcare Social Workers,1.0,1.0,1.0,86.0
Hearing Aid Specialists,1.0,1.0,1.0,96.0
"Heat Treating Equipment Setters, Operators, and Tenders, Metal and Plastic",1.0,1.0,1.0,103.0
Heating and Air Conditioning Mechanics and Installers,1.0,1.0,1.0,107.0
Heavy and Tractor-Trailer Truck Drivers,1.0,1.0,1.0,96.0
"Helpers--Brickmasons, Blockmasons, Stonemasons, and Tile and Marble Setters",1.0,1.0,1.0,98.0
Helpers--Carpenters,1.0,1.0,1.0,126.0
Helpers--Electricians,1.0,1.0,1.0,116.0
Helpers--Extraction Workers,1.0,1.0,1.0,100.0
"Helpers--Installation, Maintenance, and Repair Workers",1.0,1.0,1.0,122.0
"Helpers--Painters, Paperhangers, Plasterers, and Stucco Masons",1.0,1.0,1.0,119.0
"Helpers--Pipelayers, Plumbers, Pipefitters, and Steamfitters",1.0,1.0,1.0,101.0
Helpers--Production Workers,1.0,1.0,1.0,101.0
Helpers--Roofers,1.0,1.0,1.0,92.0
Highway Maintenance Workers,1.0,1.0,1.0,111.0
Historians,1.0,1.0,1.0,105.0
"History Teachers, Postsecondary",1.0,1.0,1.0,110.0
Histotechnologists and Histologic Technicians,1.0,1.0,1.0,97.0
Hoist and Winch Operators,1.0,1.0,1.0,109.0
Home Appliance Repairers,1.0,1.0,1.0,99.0
"Home Economics Teachers, Postsecondary",1.0,1.0,1.0,119.0
Home Health Aides,1.0,1.0,1.0,98.0
Hospitalists,1.0,1.0,1.0,87.0
"Hosts and Hostesses, Restaurant, Lounge, and Coffee Shop",1.0,1.0,1.0,94.0
"Hotel, Motel, and Resort Desk Clerks",1.0,1.0,1.0,91.0
Human Factors Engineers and Ergonomists,1.0,1.0,1.0,108.0
"Human Resources Assistants, Except Payroll and Timekeeping",1.0,1.0,1.0,109.0
Human Resources Managers,1.0,1.0,1.0,116.0
Human Resources Specialists,1.0,1.0,1.0,126.0
Hunters and Trappers,1.0,1.0,1.0,105.0
Hydroelectric Plant Technicians,1.0,1.0,1.0,105.0
Hydroelectric Production Managers,1.0,1.0,1.0,101.0
Hydrologists,1.0,1.0,1.0,97.0
Immigration and Customs Inspectors,1.0,1.0,1.0,96.0
Industrial Ecologists,1.0,1.0,1.0,109.0
Industrial Engineering Technicians,1.0,1.0,1.0,102.0
Industrial Engineering Technologists,1.0,1.0,1.0,87.0
Industrial Engineers,1.0,1.0,1.0,120.0
Industrial Machinery Mechanics,1.0,1.0,1.0,109.0
Industrial Production Managers,1.0,1.0,1.0,107.0
Industrial Safety and Health Engineers,1.0,1.0,1.0,89.0
Industrial Truck and Tractor Operators,1.0,1.0,1.0,113.0
Industrial-Organizational Psychologists,1.0,1.0,1.0,110.0
Informatics Nurse Specialists,1.0,1.0,1.0,103.0
Information Security Analysts,1.0,1.0,1.0,114.0
Information Technology Project Managers,1.0,1.0,1.0,98.0
"Inspectors, Testers, Sorters, Samplers, and Weighers",1.0,1.0,1.0,95.0
Instructional Coordinators,1.0,1.0,1.0,100.0
Instructional Designers and Technologists,1.0,1.0,1.0,90.0
"Insulation Workers, Floor, Ceiling, and Wall",1.0,1.0,1.0,110.0
"Insulation Workers, Mechanical",1.0,1.0,1.0,115.0
"Insurance Adjusters, Examiners, and Investigators",1.0,1.0,1.0,95.0
"Insurance Appraisers, Auto Damage",1.0,1.0,1.0,104.0
Insurance Claims Clerks,1.0,1.0,1.0,115.0
Insurance Policy Processing Clerks,1.0,1.0,1.0,88.0
Insurance Sales Agents,1.0,1.0,1.0,94.0
Insurance Underwriters,1.0,1.0,1.0,103.0
Intelligence Analysts,1.0,1.0,1.0,103.0
Interior Designers,1.0,1.0,1.0,114.0
"Internists, General",1.0,1.0,1.0,95.0
Interpreters and Translators,1.0,1.0,1.0,125.0
"Interviewers, Except Eligibility and Loan",1.0,1.0,1.0,95.0
Investment Fund Managers,1.0,1.0,1.0,109.0
"Janitors and Cleaners, Except Maids and Housekeeping Cleaners",1.0,1.0,1.0,108.0
Jewelers,1.0,1.0,1.0,108.0
"Judges, Magistrate Judges, and Magistrates",1.0,1.0,1.0,105.0
Judicial Law Clerks,1.0,1.0,1.0,90.0
"Kindergarten Teachers, Except Special Education",1.0,1.0,1.0,104.0
Labor Relations Specialists,1.0,1.0,1.0,91.0
"Laborers and Freight, Stock, and Material Movers, Hand",1.0,1.0,1.0,106.0
Landscape Architects,1.0,1.0,1.0,104.0
Landscaping and Groundskeeping Workers,1.0,1.0,1.0,91.0
"Lathe and Turning Machine Tool Setters, Operators, and Tenders, Metal and Plastic",1.0,1.0,1.0,94.0
Laundry and Dry-Cleaning Workers,1.0,1.0,1.0,99.0
"Law Teachers, Postsecondary",1.0,1.0,1.0,111.0
Lawyers,1.0,1.0,1.0,83.0
"Layout Workers, Metal and Plastic",1.0,1.0,1.0,96.0
Legal Secretaries,1.0,1.0,1.0,100.0
Librarians,1.0,1.0,1.0,77.0
"Library Assistants, Clerical",1.0,1.0,1.0,103.0
"Library Science Teachers, Postsecondary",1.0,1.0,1.0,111.0
Library Technicians,1.0,1.0,1.0,123.0
License Clerks,1.0,1.0,1.0,121.0
Licensed Practical and Licensed Vocational Nurses,1.0,1.0,1.0,97.0
Licensing Examiners and Inspectors,1.0,1.0,1.0,98.0
"Lifeguards, Ski Patrol, and Other Recreational Protective Service Workers",1.0,1.0,1.0,93.0
Light Truck or Delivery Services Drivers,1.0,1.0,1.0,100.0
"Loading Machine Operators, Underground Mining",1.0,1.0,1.0,116.0
Loan Counselors,1.0,1.0,1.0,106.0
Loan Interviewers and Clerks,1.0,1.0,1.0,115.0
Loan Officers,1.0,1.0,1.0,137.0
"Locker Room, Coatroom, and Dressing Room Attendants",1.0,1.0,1.0,103.0
Locksmiths and Safe Repairers,1.0,1.0,1.0,91.0
Locomotive Engineers,1.0,1.0,1.0,104.0
Locomotive Firers,1.0,1.0,1.0,116.0
Lodging Managers,1.0,1.0,1.0,97.0
Log Graders and Scalers,1.0,1.0,1.0,97.0
Logging Equipment Operators,1.0,1.0,1.0,106.0
Logisticians,1.0,1.0,1.0,95.0
Logistics Analysts,1.0,1.0,1.0,94.0
Logistics Engineers,1.0,1.0,1.0,97.0
Logistics Managers,1.0,1.0,1.0,124.0
Loss Prevention Managers,1.0,1.0,1.0,106.0
"Low Vision Therapists, Orientation and Mobility Specialists, and Vision Rehabilitation Therapists",1.0,1.0,1.0,93.0
Machine Feeders and Offbearers,1.0,1.0,1.0,105.0
Machinists,1.0,1.0,1.0,90.0
Magnetic Resonance Imaging Technologists,1.0,1.0,1.0,99.0
Maids and Housekeeping Cleaners,1.0,1.0,1.0,115.0
"Mail Clerks and Mail Machine Operators, Except Postal Service",1.0,1.0,1.0,95.0
"Maintenance Workers, Machinery",1.0,1.0,1.0,98.0
"Maintenance and Repair Workers, General",1.0,1.0,1.0,107.0
"Makeup Artists, Theatrical and Performance",1.0,1.0,1.0,104.0
Management Analysts,1.0,1.0,1.0,114.0
Manicurists and Pedicurists,1.0,1.0,1.0,113.0
Manufactured Building and Mobile Home Installers,1.0,1.0,1.0,106.0
Manufacturing Engineering Technologists,1.0,1.0,1.0,81.0
Manufacturing Engineers,1.0,1.0,1.0,113.0
Manufacturing Production Technicians,1.0,1.0,1.0,98.0
Mapping Technicians,1.0,1.0,1.0,108.0
Marine Architects,1.0,1.0,1.0,89.0
Marine Engineers,1.0,1.0,1.0,101.0
Market Research Analysts and Marketing Specialists,1.0,1.0,1.0,132.0
Marketing Managers,1.0,1.0,1.0,105.0
Marking Clerks,1.0,1.0,1.0,92.0
Marriage and Family Therapists,1.0,1.0,1.0,107.0
Massage Therapists,1.0,1.0,1.0,113.0
Materials Engineers,1.0,1.0,1.0,98.0
Materials Scientists,1.0,1.0,1.0,107.0
"Mates- Ship, Boat, and Barge",1.0,1.0,1.0,106.0
"Mathematical Science Teachers, Postsecondary",1.0,1.0,1.0,91.0
Mathematical Technicians,1.0,1.0,1.0,112.0
Mathematicians,1.0,1.0,1.0,112.0
"Meat, Poultry, and Fish Cutters and Trimmers",1.0,1.0,1.0,111.0
Mechanical Door Repairers,1.0,1.0,1.0,109.0
Mechanical Drafters,1.0,1.0,1.0,103.0
Mechanical Engineering Technicians,1.0,1.0,1.0,91.0
Mechanical Engineering Technologists,1.0,1.0,1.0,97.0
Mechanical Engineers,1.0,1.0,1.0,102.0
Mechatronics Engineers,1.0,1.0,1.0,106.0
Medical Appliance Technicians,1.0,1.0,1.0,106.0
Medical Assistants,1.0,1.0,1.0,92.0
Medical Equipment Preparers,1.0,1.0,1.0,109.0
Medical Equipment Repairers,1.0,1.0,1.0,107.0
Medical Records and Health Information Technicians,1.0,1.0,1.0,123.0
"Medical Scientists, Except Epidemiologists",1.0,1.0,1.0,106.0
Medical Secretaries,1.0,1.0,1.0,109.0
Medical Transcriptionists,1.0,1.0,1.0,112.0
Medical and Clinical Laboratory Technicians,1.0,1.0,1.0,102.0
Medical and Clinical Laboratory Technologists,1.0,1.0,1.0,88.0
Medical and Health Services Managers,1.0,1.0,1.0,106.0
"Meeting, Convention, and Event Planners",1.0,1.0,1.0,124.0
Mental Health Counselors,1.0,1.0,1.0,89.0
Mental Health and Substance Abuse Social Workers,1.0,1.0,1.0,94.0
Merchandise Displayers and Window Trimmers,1.0,1.0,1.0,105.0
Metal-Refining Furnace Operators and Tenders,1.0,1.0,1.0,119.0
"Meter Readers, Utilities",1.0,1.0,1.0,89.0
Microbiologists,1.0,1.0,1.0,109.0
Microsystems Engineers,1.0,1.0,1.0,102.0
"Middle School Teachers, Except Special and Career/Technical Education",1.0,1.0,1.0,118.0
Midwives,1.0,1.0,1.0,103.0
"Milling and Planing Machine Setters, Operators, and Tenders, Metal and Plastic",1.0,1.0,1.0,95.0
Millwrights,1.0,1.0,1.0,91.0
Mine Cutting and Channeling Machine Operators,1.0,1.0,1.0,101.0
Mine Shuttle Car Operators,1.0,1.0,1.0,99.0
"Mining and Geological Engineers, Including Mining Safety Engineers",1.0,1.0,1.0,110.0
"Mixing and Blending Machine Setters, Operators, and Tenders",1.0,1.0,1.0,100.0
"Mobile Heavy Equipment Mechanics, Except Engines",1.0,1.0,1.0,110.0
"Model Makers, Metal and Plastic",1.0,1.0,1.0,99.0
"Model Makers, Wood",1.0,1.0,1.0,87.0
Models,1.0,1.0,1.0,103.0
Molding and Casting Workers,1.0,1.0,1.0,95.0
"Molding, Coremaking, and Casting Machine Setters, Operators, and Tenders, Metal and Plastic",1.0,1.0,1.0,102.0
Molecular and Cellular Biologists,1.0,1.0,1.0,103.0
"Morticians, Undertakers, and Funeral Directors",1.0,1.0,1.0,98.0
Motion Picture Projectionists,1.0,1.0,1.0,105.0
Motorboat Mechanics and Service Technicians,1.0,1.0,1.0,107.0
Motorboat Operators,1.0,1.0,1.0,102.0
Motorcycle Mechanics,1.0,1.0,1.0,110.0
Multimedia Artists and Animators,1.0,1.0,1.0,106.0
"Multiple Machine Tool Setters, Operators, and Tenders, Metal and Plastic",1.0,1.0,1.0,114.0
Municipal Clerks,1.0,1.0,1.0,105.0
Municipal Fire Fighting and Prevention Supervisors,1.0,1.0,1.0,97.0
Municipal Firefighters,1.0,1.0,1.0,98.0
Museum Technicians and Conservators,1.0,1.0,1.0,99.0
Music Composers and Arrangers,1.0,1.0,1.0,94.0
Music Directors,1.0,1.0,1.0,122.0
Music Therapists,1.0,1.0,1.0,99.0
Musical Instrument Repairers and Tuners,1.0,1.0,1.0,104.0
"Musicians, Instrumental",1.0,1.0,1.0,104.0
Nannies,1.0,1.0,1.0,95.0
Nanosystems Engineers,1.0,1.0,1.0,113.0
Nanotechnology Engineering Technicians,1.0,1.0,1.0,104.0
Nanotechnology Engineering Technologists,1.0,1.0,1.0,105.0
Natural Sciences Managers,1.0,1.0,1.0,103.0
Naturopathic Physicians,1.0,1.0,1.0,98.0
Network and Computer Systems Administrators,1.0,1.0,1.0,92.0
Neurodiagnostic Technologists,1.0,1.0,1.0,95.0
Neurologists,1.0,1.0,1.0,98.0
Neuropsychologists and Clinical Neuropsychologists,1.0,1.0,1.0,105.0
New Accounts Clerks,1.0,1.0,1.0,92.0
Non-Destructive Testing Specialists,1.0,1.0,1.0,92.0
Nonfarm Animal Caretakers,1.0,1.0,1.0,88.0
Nuclear Engineers,1.0,1.0,1.0,120.0
Nuclear Equipment Operation Technicians,1.0,1.0,1.0,101.0
Nuclear Medicine Physicians,1.0,1.0,1.0,116.0
Nuclear Medicine Technologists,1.0,1.0,1.0,91.0
Nuclear Monitoring Technicians,1.0,1.0,1.0,105.0
Nuclear Power Reactor Operators,1.0,1.0,1.0,99.0
Nurse Anesthetists,1.0,1.0,1.0,120.0
Nurse Midwives,1.0,1.0,1.0,109.0
Nurse Practitioners,1.0,1.0,1.0,104.0
Nursery Workers,1.0,1.0,1.0,97.0
Nursery and Greenhouse Managers,1.0,1.0,1.0,108.0
Nursing Assistants,1.0,1.0,1.0,92.0
"Nursing Instructors and Teachers, Postsecondary",1.0,1.0,1.0,108.0
Obstetricians and Gynecologists,1.0,1.0,1.0,97.0
Occupational Health and Safety Specialists,1.0,1.0,1.0,94.0
Occupational Health and Safety Technicians,1.0,1.0,1.0,96.0
Occupational Therapists,1.0,1.0,1.0,102.0
Occupational Therapy Aides,1.0,1.0,1.0,100.0
Occupational Therapy Assistants,1.0,1.0,1.0,92.0
"Office Clerks, General",1.0,1.0,1.0,101.0
"Office Machine Operators, Except Computer",1.0,1.0,1.0,100.0
Online Merchants,1.0,1.0,1.0,95.0
Operating Engineers and Other Construction Equipment Operators,1.0,1.0,1.0,107.0
Operations Research Analysts,1.0,1.0,1.0,101.0
Ophthalmic Laboratory Technicians,1.0,1.0,1.0,105.0
Ophthalmic Medical Technicians,1.0,1.0,1.0,90.0
Ophthalmic Medical Technologists,1.0,1.0,1.0,83.0
Ophthalmologists,1.0,1.0,1.0,116.0
"Opticians, Dispensing",1.0,1.0,1.0,102.0
Optometrists,1.0,1.0,1.0,104.0
Oral and Maxillofacial Surgeons,1.0,1.0,1.0,86.0
Order Clerks,1.0,1.0,1.0,103.0
"Order Fillers, Wholesale and Retail Sales",1.0,1.0,1.0,104.0
Orderlies,1.0,1.0,1.0,106.0
Orthodontists,1.0,1.0,1.0,111.0
Orthoptists,1.0,1.0,1.0,105.0
Orthotists and Prosthetists,1.0,1.0,1.0,80.0
Outdoor Power Equipment and Other Small Engine Mechanics,1.0,1.0,1.0,111.0
Packaging and Filling Machine Operators and Tenders,1.0,1.0,1.0,115.0
"Packers and Packagers, Hand",1.0,1.0,1.0,101.0
"Painters, Construction and Maintenance",1.0,1.0,1.0,103.0
"Painters, Transportation Equipment",1.0,1.0,1.0,115.0
"Painting, Coating, and Decorating Workers",1.0,1.0,1.0,99.0
"Paper Goods Machine Setters, Operators, and Tenders",1.0,1.0,1.0,110.0
Paperhangers,1.0,1.0,1.0,104.0
Paralegals and Legal Assistants,1.0,1.0,1.0,102.0
Park Naturalists,1.0,1.0,1.0,92.0
Parking Enforcement Workers,1.0,1.0,1.0,92.0
Parking Lot Attendants,1.0,1.0,1.0,102.0
Parts Salespersons,1.0,1.0,1.0,92.0
Pathologists,1.0,1.0,1.0,84.0
Patient Representatives,1.0,1.0,1.0,101.0
"Patternmakers, Metal and Plastic",1.0,1.0,1.0,106.0
"Patternmakers, Wood",1.0,1.0,1.0,116.0
"Paving, Surfacing, and Tamping Equipment Operators",1.0,1.0,1.0,112.0
Payroll and Timekeeping Clerks,1.0,1.0,1.0,106.0
"Pediatricians, General",1.0,1.0,1.0,125.0
Personal Care Aides,1.0,1.0,1.0,107.0
Personal Financial Advisors,1.0,1.0,1.0,102.0
Pest Control Workers,1.0,1.0,1.0,128.0
"Pesticide Handlers, Sprayers, and Applicators, Vegetation",1.0,1.0,1.0,100.0
Petroleum Engineers,1.0,1.0,1.0,122.0
"Petroleum Pump System Operators, Refinery Operators, and Gaugers",1.0,1.0,1.0,104.0
Pharmacists,1.0,1.0,1.0,115.0
Pharmacy Aides,1.0,1.0,1.0,108.0
Pharmacy Technicians,1.0,1.0,1.0,97.0
"Philosophy and Religion Teachers, Postsecondary",1.0,1.0,1.0,98.0
Phlebotomists,1.0,1.0,1.0,91.0
Photographers,1.0,1.0,1.0,111.0
Photographic Process Workers and Processing Machine Operators,1.0,1.0,1.0,87.0
Photonics Engineers,1.0,1.0,1.0,82.0
Photonics Technicians,1.0,1.0,1.0,112.0
Physical Medicine and Rehabilitation Physicians,1.0,1.0,1.0,97.0
Physical Therapist Aides,1.0,1.0,1.0,119.0
Physical Therapist Assistants,1.0,1.0,1.0,108.0
Physical Therapists,1.0,1.0,1.0,108.0
Physician Assistants,1.0,1.0,1.0,101.0
Physicists,1.0,1.0,1.0,113.0
"Physics Teachers, Postsecondary",1.0,1.0,1.0,93.0
Pile-Driver Operators,1.0,1.0,1.0,119.0
"Pilots, Ship",1.0,1.0,1.0,94.0
Pipe Fitters and Steamfitters,1.0,1.0,1.0,116.0
Pipelayers,1.0,1.0,1.0,131.0
Plasterers and Stucco Masons,1.0,1.0,1.0,114.0
"Plating and Coating Machine Setters, Operators, and Tenders, Metal and Plastic",1.0,1.0,1.0,107.0
Plumbers,1.0,1.0,1.0,111.0
Podiatrists,1.0,1.0,1.0,104.0
"Poets, Lyricists and Creative Writers",1.0,1.0,1.0,100.0
Police Detectives,1.0,1.0,1.0,104.0
Police Identification and Records Officers,1.0,1.0,1.0,99.0
Police Patrol Officers,1.0,1.0,1.0,89.0
"Police, Fire, and Ambulance Dispatchers",1.0,1.0,1.0,100.0
"Political Science Teachers, Postsecondary",1.0,1.0,1.0,101.0
Political Scientists,1.0,1.0,1.0,113.0
Postal Service Clerks,1.0,1.0,1.0,98.0
Postal Service Mail Carriers,1.0,1.0,1.0,108.0
"Postal Service Mail Sorters, Processors, and Processing Machine Operators",1.0,1.0,1.0,99.0
Postmasters and Mail Superintendents,1.0,1.0,1.0,91.0
"Potters, Manufacturing",1.0,1.0,1.0,98.0
"Pourers and Casters, Metal",1.0,1.0,1.0,103.0
Power Distributors and Dispatchers,1.0,1.0,1.0,101.0
Power Plant Operators,1.0,1.0,1.0,84.0
Precious Metal Workers,1.0,1.0,1.0,100.0
Precision Agriculture Technicians,1.0,1.0,1.0,111.0
Prepress Technicians and Workers,1.0,1.0,1.0,120.0
"Preschool Teachers, Except Special Education",1.0,1.0,1.0,92.0
"Pressers, Textile, Garment, and Related Materials",1.0,1.0,1.0,87.0
Preventive Medicine Physicians,1.0,1.0,1.0,102.0
Print Binding and Finishing Workers,1.0,1.0,1.0,101.0
Printing Press Operators,1.0,1.0,1.0,103.0
Private Detectives and Investigators,1.0,1.0,1.0,109.0
Probation Officers and Correctional Treatment Specialists,1.0,1.0,1.0,78.0
Procurement Clerks,1.0,1.0,1.0,101.0
Producers,1.0,1.0,1.0,92.0
Product Safety Engineers,1.0,1.0,1.0,79.0
"Production, Planning, and Expediting Clerks",1.0,1.0,1.0,111.0
Program Directors,1.0,1.0,1.0,83.0
Proofreaders and Copy Markers,1.0,1.0,1.0,114.0
"Property, Real Estate, and Community Association Managers",1.0,1.0,1.0,123.0
Prosthodontists,1.0,1.0,1.0,113.0
Psychiatric Aides,1.0,1.0,1.0,102.0
Psychiatric Technicians,1.0,1.0,1.0,101.0
Psychiatrists,1.0,1.0,1.0,110.0
"Psychology Teachers, Postsecondary",1.0,1.0,1.0,118.0
Public Address System and Other Announcers,1.0,1.0,1.0,102.0
Public Relations Specialists,1.0,1.0,1.0,103.0
Public Relations and Fundraising Managers,1.0,1.0,1.0,117.0
"Pump Operators, Except Wellhead Pumpers",1.0,1.0,1.0,93.0
"Purchasing Agents, Except Wholesale, Retail, and Farm Products",1.0,1.0,1.0,107.0
Purchasing Managers,1.0,1.0,1.0,88.0
Quality Control Analysts,1.0,1.0,1.0,108.0
Quality Control Systems Managers,1.0,1.0,1.0,94.0
Radiation Therapists,1.0,1.0,1.0,102.0
Radio Frequency Identification Device Specialists,1.0,1.0,1.0,110.0
Radio Mechanics,1.0,1.0,1.0,117.0
Radio Operators,1.0,1.0,1.0,118.0
Radio and Television Announcers,1.0,1.0,1.0,94.0
"Radio, Cellular, and Tower Equipment Installers and Repairers",1.0,1.0,1.0,110.0
Radiologic Technicians,1.0,1.0,1.0,102.0
Radiologic Technologists,1.0,1.0,1.0,95.0
Radiologists,1.0,1.0,1.0,101.0
Rail Car Repairers,1.0,1.0,1.0,109.0
"Rail Yard Engineers, Dinkey Operators, and Hostlers",1.0,1.0,1.0,105.0
Rail-Track Laying and Maintenance Equipment Operators,1.0,1.0,1.0,117.0
"Railroad Brake, Signal, and Switch Operators",1.0,1.0,1.0,92.0
Railroad Conductors and Yardmasters,1.0,1.0,1.0,95.0
Range Managers,1.0,1.0,1.0,105.0
Real Estate Brokers,1.0,1.0,1.0,112.0
Real Estate Sales Agents,1.0,1.0,1.0,88.0
Receptionists and Information Clerks,1.0,1.0,1.0,99.0
Recreation Workers,1.0,1.0,1.0,106.0
"Recreation and Fitness Studies Teachers, Postsecondary",1.0,1.0,1.0,112.0
Recreational Therapists,1.0,1.0,1.0,116.0
Recreational Vehicle Service Technicians,1.0,1.0,1.0,100.0
Recycling Coordinators,1.0,1.0,1.0,108.0
Recycling and Reclamation Workers,1.0,1.0,1.0,111.0
"Refractory Materials Repairers, Except Brickmasons",1.0,1.0,1.0,113.0
Refrigeration Mechanics and Installers,1.0,1.0,1.0,87.0
Refuse and Recyclable Material Collectors,1.0,1.0,1.0,80.0
Registered Nurses,1.0,1.0,1.0,110.0
Regulatory Affairs Managers,1.0,1.0,1.0,111.0
Regulatory Affairs Specialists,1.0,1.0,1.0,89.0
Rehabilitation Counselors,1.0,1.0,1.0,104.0
Reinforcing Iron and Rebar Workers,1.0,1.0,1.0,98.0
Remote Sensing Scientists and Technologists,1.0,1.0,1.0,102.0
Remote Sensing Technicians,1.0,1.0,1.0,109.0
Reporters and Correspondents,1.0,1.0,1.0,103.0
Reservation and Transportation Ticket Agents and Travel Clerks,1.0,1.0,1.0,94.0
Residential Advisors,1.0,1.0,1.0,108.0
Respiratory Therapists,1.0,1.0,1.0,121.0
Respiratory Therapy Technicians,1.0,1.0,1.0,94.0
Retail Loss Prevention Specialists,1.0,1.0,1.0,120.0
Retail Salespersons,1.0,1.0,1.0,112.0
Riggers,1.0,1.0,1.0,85.0
Risk Management Specialists,1.0,1.0,1.0,99.0
Robotics Engineers,1.0,1.0,1.0,102.0
Robotics Technicians,1.0,1.0,1.0,108.0
"Rock Splitters, Quarry",1.0,1.0,1.0,106.0
"Rolling Machine Setters, Operators, and Tenders, Metal and Plastic",1.0,1.0,1.0,101.0
"Roof Bolters, Mining",1.0,1.0,1.0,101.0
Roofers,1.0,1.0,1.0,101.0
"Rotary Drill Operators, Oil and Gas",1.0,1.0,1.0,91.0
Rough Carpenters,1.0,1.0,1.0,106.0
"Roustabouts, Oil and Gas",1.0,1.0,1.0,95.0
Sailors and Marine Oilers,1.0,1.0,1.0,104.0
"Sales Agents, Financial Services",1.0,1.0,1.0,130.0
"Sales Agents, Securities and Commodities",1.0,1.0,1.0,100.0
Sales Engineers,1.0,1.0,1.0,100.0
Sales Managers,1.0,1.0,1.0,100.0
"Sales Representatives, Wholesale and Manufacturing, Except Technical and Scientific Products",1.0,1.0,1.0,108.0
"Sales Representatives, Wholesale and Manufacturing, Technical and Scientific Products",1.0,1.0,1.0,97.0
"Sawing Machine Setters, Operators, and Tenders, Wood",1.0,1.0,1.0,119.0
School Psychologists,1.0,1.0,1.0,101.0
Search Marketing Strategists,1.0,1.0,1.0,99.0
"Secondary School Teachers, Except Special and Career/Technical Education",1.0,1.0,1.0,99.0
"Secretaries and Administrative Assistants, Except Legal, Medical, and Executive",1.0,1.0,1.0,104.0
Securities and Commodities Traders,1.0,1.0,1.0,98.0
Security Guards,1.0,1.0,1.0,111.0
Security Management Specialists,1.0,1.0,1.0,97.0
Security Managers,1.0,1.0,1.0,129.0
Security and Fire Alarm Systems Installers,1.0,1.0,1.0,94.0
Segmental Pavers,1.0,1.0,1.0,108.0
Self-Enrichment Education Teachers,1.0,1.0,1.0,107.0
Semiconductor Processors,1.0,1.0,1.0,101.0
"Separating, Filtering, Clarifying, Precipitating, and Still Machine Setters, Operators, and Tenders",1.0,1.0,1.0,100.0
Septic Tank Servicers and Sewer Pipe Cleaners,1.0,1.0,1.0,109.0
"Service Unit Operators, Oil, Gas, and Mining",1.0,1.0,1.0,89.0
Set and Exhibit Designers,1.0,1.0,1.0,105.0
"Sewers, Hand",1.0,1.0,1.0,111.0
Sewing Machine Operators,1.0,1.0,1.0,105.0
Shampooers,1.0,1.0,1.0,103.0
Sheet Metal Workers,1.0,1.0,1.0,99.0
Sheriffs and Deputy Sheriffs,1.0,1.0,1.0,108.0
Ship Engineers,1.0,1.0,1.0,102.0
Ship and Boat Captains,1.0,1.0,1.0,96.0
"Shipping, Receiving, and Traffic Clerks",1.0,1.0,1.0,99.0
Shoe Machine Operators and Tenders,1.0,1.0,1.0,106.0
Shoe and Leather Workers and Repairers,1.0,1.0,1.0,121.0
Signal and Track Switch Repairers,1.0,1.0,1.0,109.0
Singers,1.0,1.0,1.0,112.0
Skincare Specialists,1.0,1.0,1.0,75.0
Slaughterers and Meat Packers,1.0,1.0,1.0,114.0
Slot Supervisors,1.0,1.0,1.0,102.0
Social Science Research Assistants,1.0,1.0,1.0,98.0
"Social Work Teachers, Postsecondary",1.0,1.0,1.0,112.0
Social and Community Service Managers,1.0,1.0,1.0,92.0
Social and Human Service Assistants,1.0,1.0,1.0,109.0
Sociologists,1.0,1.0,1.0,112.0
"Sociology Teachers, Postsecondary",1.0,1.0,1.0,107.0
"Software Developers, Applications",1.0,1.0,1.0,109.0
"Software Developers, Systems Software",1.0,1.0,1.0,88.0
Software Quality Assurance Engineers and Testers,1.0,1.0,1.0,100.0
Soil and Plant Scientists,1.0,1.0,1.0,100.0
Soil and Water Conservationists,1.0,1.0,1.0,99.0
Solar Energy Installation Managers,1.0,1.0,1.0,107.0
Solar Energy Systems Engineers,1.0,1.0,1.0,108.0
Solar Photovoltaic Installers,1.0,1.0,1.0,92.0
Solar Sales Representatives and Assessors,1.0,1.0,1.0,107.0
Solar Thermal Installers and Technicians,1.0,1.0,1.0,105.0
Solderers and Brazers,1.0,1.0,1.0,100.0
Sound Engineering Technicians,1.0,1.0,1.0,124.0
Spa Managers,1.0,1.0,1.0,104.0
"Special Education Teachers, Kindergarten and Elementary School",1.0,1.0,1.0,113.0
"Special Education Teachers, Middle School",1.0,1.0,1.0,105.0
"Special Education Teachers, Preschool",1.0,1.0,1.0,109.0
"Special Education Teachers, Secondary School",1.0,1.0,1.0,103.0
Speech-Language Pathologists,1.0,1.0,1.0,104.0
Speech-Language Pathology Assistants,1.0,1.0,1.0,91.0
Sports Medicine Physicians,1.0,1.0,1.0,97.0
Statement Clerks,1.0,1.0,1.0,88.0
Stationary Engineers and Boiler Operators,1.0,1.0,1.0,116.0
Statistical Assistants,1.0,1.0,1.0,93.0
Statisticians,1.0,1.0,1.0,98.0
"Stock Clerks, Sales Floor",1.0,1.0,1.0,104.0
"Stock Clerks- Stockroom, Warehouse, or Storage Yard",1.0,1.0,1.0,107.0
"Stone Cutters and Carvers, Manufacturing",1.0,1.0,1.0,113.0
Stonemasons,1.0,1.0,1.0,98.0
Storage and Distribution Managers,1.0,1.0,1.0,104.0
Structural Iron and Steel Workers,1.0,1.0,1.0,98.0
Structural Metal Fabricators and Fitters,1.0,1.0,1.0,107.0
Substance Abuse and Behavioral Disorder Counselors,1.0,1.0,1.0,106.0
Subway and Streetcar Operators,1.0,1.0,1.0,92.0
Supply Chain Managers,1.0,1.0,1.0,97.0
Surgeons,1.0,1.0,1.0,112.0
Surgical Assistants,1.0,1.0,1.0,124.0
Surgical Technologists,1.0,1.0,1.0,117.0
Survey Researchers,1.0,1.0,1.0,113.0
Surveying Technicians,1.0,1.0,1.0,97.0
Surveyors,1.0,1.0,1.0,102.0
Sustainability Specialists,1.0,1.0,1.0,101.0
"Switchboard Operators, Including Answering Service",1.0,1.0,1.0,108.0
"Tailors, Dressmakers, and Custom Sewers",1.0,1.0,1.0,100.0
Talent Directors,1.0,1.0,1.0,113.0
"Tank Car, Truck, and Ship Loaders",1.0,1.0,1.0,131.0
Tapers,1.0,1.0,1.0,106.0
"Tax Examiners and Collectors, and Revenue Agents",1.0,1.0,1.0,104.0
Tax Preparers,1.0,1.0,1.0,93.0
Taxi Drivers and Chauffeurs,1.0,1.0,1.0,100.0
Teacher Assistants,1.0,1.0,1.0,117.0
Team Assemblers,1.0,1.0,1.0,109.0
Technical Directors/Managers,1.0,1.0,1.0,93.0
Technical Writers,1.0,1.0,1.0,107.0
Telecommunications Engineering Specialists,1.0,1.0,1.0,88.0
"Telecommunications Equipment Installers and Repairers, Except Line Installers",1.0,1.0,1.0,82.0
Telecommunications Line Installers and Repairers,1.0,1.0,1.0,114.0
Telemarketers,1.0,1.0,1.0,77.0
Telephone Operators,1.0,1.0,1.0,94.0
Tellers,1.0,1.0,1.0,107.0
Terrazzo Workers and Finishers,1.0,1.0,1.0,102.0
Textile Bleaching and Dyeing Machine Operators and Tenders,1.0,1.0,1.0,108.0
"Textile Cutting Machine Setters, Operators, and Tenders",1.0,1.0,1.0,104.0
"Textile Knitting and Weaving Machine Setters, Operators, and Tenders",1.0,1.0,1.0,116.0
"Textile Winding, Twisting, and Drawing Out Machine Setters, Operators, and Tenders",1.0,1.0,1.0,112.0
Tile and Marble Setters,1.0,1.0,1.0,95.0
Timing Device Assemblers and Adjusters,1.0,1.0,1.0,108.0
Tire Builders,1.0,1.0,1.0,105.0
Tire Repairers and Changers,1.0,1.0,1.0,93.0
"Title Examiners, Abstractors, and Searchers",1.0,1.0,1.0,104.0
"Tool Grinders, Filers, and Sharpeners",1.0,1.0,1.0,94.0
Tool and Die Makers,1.0,1.0,1.0,111.0
Tour Guides and Escorts,1.0,1.0,1.0,111.0
Traffic Technicians,1.0,1.0,1.0,108.0
Training and Development Managers,1.0,1.0,1.0,104.0
Training and Development Specialists,1.0,1.0,1.0,99.0
Transit and Railroad Police,1.0,1.0,1.0,91.0
"Transportation Attendants, Except Flight Attendants",1.0,1.0,1.0,89.0
Transportation Engineers,1.0,1.0,1.0,116.0
Transportation Managers,1.0,1.0,1.0,98.0
Transportation Planners,1.0,1.0,1.0,119.0
Transportation Security Screeners,1.0,1.0,1.0,92.0
"Transportation Vehicle, Equipment and Systems Inspectors, Except Aviation",1.0,1.0,1.0,118.0
Travel Agents,1.0,1.0,1.0,119.0
Travel Guides,1.0,1.0,1.0,99.0
Treasurers and Controllers,1.0,1.0,1.0,76.0
Tree Trimmers and Pruners,1.0,1.0,1.0,103.0
Tutors,1.0,1.0,1.0,109.0
"Umpires, Referees, and Other Sports Officials",1.0,1.0,1.0,92.0
Upholsterers,1.0,1.0,1.0,116.0
Urban and Regional Planners,1.0,1.0,1.0,103.0
Urologists,1.0,1.0,1.0,85.0
"Ushers, Lobby Attendants, and Ticket Takers",1.0,1.0,1.0,99.0
Validation Engineers,1.0,1.0,1.0,117.0
Veterinarians,1.0,1.0,1.0,111.0
Veterinary Assistants and Laboratory Animal Caretakers,1.0,1.0,1.0,106.0
Veterinary Technologists and Technicians,1.0,1.0,1.0,107.0
Video Game Designers,1.0,1.0,1.0,91.0
"Vocational Education Teachers, Postsecondary",1.0,1.0,1.0,95.0
Waiters and Waitresses,1.0,1.0,1.0,109.0
Watch Repairers,1.0,1.0,1.0,95.0
Water Resource Specialists,1.0,1.0,1.0,99.0
Water and Wastewater Treatment Plant and System Operators,1.0,1.0,1.0,101.0
Water/Wastewater Engineers,1.0,1.0,1.0,104.0
Weatherization Installers and Technicians,1.0,1.0,1.0,104.0
Web Administrators,1.0,1.0,1.0,95.0
Web Developers,1.0,1.0,1.0,123.0
"Weighers, Measurers, Checkers, and Samplers, Recordkeeping",1.0,1.0,1.0,104.0
"Welders, Cutters, and Welder Fitters",1.0,1.0,1.0,110.0
"Welding, Soldering, and Brazing Machine Setters, Operators, and Tenders",1.0,1.0,1.0,94.0
Wellhead Pumpers,1.0,1.0,1.0,101.0
"Wholesale and Retail Buyers, Except Farm Products",1.0,1.0,1.0,109.0
Wind Energy Engineers,1.0,1.0,1.0,99.0
Wind Energy Operations Managers,1.0,1.0,1.0,96.0
Wind Energy Project Managers,1.0,1.0,1.0,89.0
Wind Turbine Service Technicians,1.0,1.0,1.0,112.0
"Woodworking Machine Setters, Operators, and Tenders, Except Sawing",1.0,1.0,1.0,90.0
Word Processors and Typists,1.0,1.0,1.0,94.0
Zoologists and Wildlife Biologists,1.0,1.0,1.0,90.0
accuracy,1.0,1.0,1.0,1.0
macro avg,1.0,1.0,1.0,100000.0
weighted avg,1.0,1.0,1.0,100000.0
